序號,提案名稱,主提案人,所有提案人,進度,首次排入院會日期.x,會期,提案編號,no,pdf
1,立法院職權行使法第三十一條及第七十一條之一條文修正草案,李彥秀等,李彥秀  廖偉翔  林沛祥  羅廷瑋,1130503   逕付二讀,1130503,11屆01期12次,20委11004084,202110040840000,https://ppg.ly.gov.tw/ppg/download/agenda1\02\pdf\11\01\14\LCEWA01_110114_00283.pdf
2,立法院職權行使法第二十二條、第二十三條及第二十八條條文修正草案,羅智強等,羅智強  蘇清泉  翁曉玲  林沛祥  游顥  羅廷瑋,1130521   二讀(逐條討論),1130426,11屆01期11次,20委11003384,202110033840000,https://ppg.ly.gov.tw/ppg/download/agenda1\02\pdf\11\01\14\LCEWA01_110114_00276.pdf
3,立法院職權行使法部分條文修正草案,羅智強等,羅智強  林沛祥  徐巧芯  葉元之  廖偉翔,1130521   二讀(逐條討論),1130426,11屆01期11次,20委11003385,202110033850000,https://ppg.ly.gov.tw/ppg/download/agenda1\02\pdf\11\01\14\LCEWA01_110114_00277.pdf
4,立法院職權行使法第二十五條條文修正草案,羅智強等,羅智強  蘇清泉,1130521   二讀(逐條討論),1130412,11屆01期09次,20委11002912,202110029120000,https://ppg.ly.gov.tw/ppg/download/agenda1\02\pdf\11\01\14\LCEWA01_110114_00282.pdf
5,立法院職權行使法第十五條之一條文修正草案,呂玉玲,呂玉玲,1130521   二讀(逐條討論),1130409,11屆01期08次,20委11002713,202110027130000,https://ppg.ly.gov.tw/ppg/download/agenda1\02\pdf\11\01\14\LCEWA01_110114_00278.pdf
6,立法院職權行使法增訂第二十八條之三及第二十八條之四條文草案,呂玉玲,呂玉玲,1130521   二讀(逐條討論),1130409,11屆01期08次,20委11002714,202110027140000,https://ppg.ly.gov.tw/ppg/download/agenda1\02\pdf\11\01\14\LCEWA01_110114_00279.pdf
7,立法院職權行使法部分條文修正草案,鄭天財,鄭天財,1130521   二讀(逐條討論),1130409,11屆01期08次,20委11002746,202110027460000,https://ppg.ly.gov.tw/ppg/download/agenda1\02\pdf\11\01\14\LCEWA01_110114_00280.pdf
8,立法院職權行使法部分條文修正草案,翁曉玲,翁曉玲,1130521   二讀(逐條討論),1130409,11屆01期08次,20委11002782,202110027820000,https://ppg.ly.gov.tw/ppg/download/agenda1\02\pdf\11\01\14\LCEWA01_110114_00281.pdf
9,立法院職權行使法部分條文修正草案,民進黨黨團等,民進黨黨團  柯建銘  吳思瑤  莊瑞雄,1130508   委員會審議中,1130409,11屆01期08次,20委11002813,202110028130000,https://ppg.ly.gov.tw/ppg/download/agenda1\02\pdf\11\01\08\LCEWA01_110108_00112.pdf
10,立法院職權行使法增訂部分條文草案,賴士葆,賴士葆,1130521   二讀(逐條討論),1130322,11屆01期06次,20委11001731,202110017310000,https://ppg.ly.gov.tw/ppg/download/agenda1\02\pdf\11\01\06\LCEWA01_110106_00041.pdf
11,立法院職權行使法第十五條之一、第十五條之二及第十五條之四條文修正草案,吳宗憲,吳宗憲,1130521   二讀(逐條討論),1130322,11屆01期06次,20委11001688,202110016880000,https://ppg.ly.gov.tw/ppg/download/agenda1\02\pdf\11\01\06\LCEWA01_110106_00070.pdf
12,立法院職權行使法部分條文修正草案,吳宗憲,吳宗憲,1130521   二讀(逐條討論),1130322,11屆01期06次,20委11001689,202110016890000,https://ppg.ly.gov.tw/ppg/download/agenda1\02\pdf\11\01\06\LCEWA01_110106_00071.pdf
13,立法院職權行使法部分條文修正草案,吳宗憲,吳宗憲,1130521   二讀(逐條討論),1130322,11屆01期06次,20委11001699,202110016990000,https://ppg.ly.gov.tw/ppg/download/agenda1\02\pdf\11\01\06\LCEWA01_110106_00072.pdf
14,立法院職權行使法第二十五條及第二十六條條文修正草案,吳宗憲等,吳宗憲  賴士葆,1130521   二讀(逐條討論),1130322,11屆01期06次,20委11001700,202110017000000,https://ppg.ly.gov.tw/ppg/download/agenda1\02\pdf\11\01\06\LCEWA01_110106_00073.pdf
15,立法院職權行使法第十七條條文修正草案,吳宗憲,吳宗憲,1130521   二讀(逐條討論),1130322,11屆01期06次,20委11001701,202110017010000,https://ppg.ly.gov.tw/ppg/download/agenda1\02\pdf\11\01\06\LCEWA01_110106_00074.pdf
16,立法院職權行使法第十五條之二條文修正草案,賴瑞隆等,賴瑞隆  邱志偉,1130521   二讀(逐條討論),1130322,11屆01期06次,20委11001732,202110017320000,https://ppg.ly.gov.tw/ppg/download/agenda1\02\pdf\11\01\06\LCEWA01_110106_00075.pdf
17,立法院職權行使法第二十五條條文修正草案,翁曉玲,翁曉玲,1130521   二讀(逐條討論),1130322,11屆01期06次,20委11001847,202110018470000,https://ppg.ly.gov.tw/ppg/download/agenda1\02\pdf\11\01\06\LCEWA01_110106_00124.pdf
18,立法院職權行使法部分條文修正草案,傅崐萁等,傅崐萁  洪孟楷  林思銘,1130521   二讀(逐條討論),1130308,11屆01期04次,20委11001056,202110010560000,https://ppg.ly.gov.tw/ppg/download/agenda1\02\pdf\11\01\04\LCEWA01_110104_00025.pdf
19,立法院職權行使法第十五條之一、第十五條之二及第十五條之四條文修正草案,傅崐萁等,傅崐萁  洪孟楷  林思銘,1130521   二讀(逐條討論),1130308,11屆01期04次,20委11001058,202110010580000,https://ppg.ly.gov.tw/ppg/download/agenda1\02\pdf\11\01\04\LCEWA01_110104_00026.pdf
20,立法院職權行使法部分條文修正草案,傅崐萁等,傅崐萁  洪孟楷  林思銘,1130521   二讀(逐條討論),1130308,11屆01期04次,20委11001057,202110010570000,https://ppg.ly.gov.tw/ppg/download/agenda1\02\pdf\11\01\04\LCEWA01_110104_00027.pdf
21,立法院職權行使法第十五條、第二十九條及第四十四條條文修正草案,翁曉玲等,翁曉玲  羅廷瑋  洪孟楷,1130521   二讀(逐條討論),1130308,11屆01期04次,20委11001054,202110010540000,https://ppg.ly.gov.tw/ppg/download/agenda1\02\pdf\11\01\04\LCEWA01_110104_00032.pdf
22,立法院職權行使法第十五條之一、第十五條之二及第十五條之四條文修正草案,翁曉玲等,翁曉玲  賴士葆  羅廷瑋,1130521   二讀(逐條討論),1130308,11屆01期04次,20委11001055,202110010550000,https://ppg.ly.gov.tw/ppg/download/agenda1\02\pdf\11\01\04\LCEWA01_110104_00033.pdf
23,立法院職權行使法部分條文修正草案,楊瓊瓔,楊瓊瓔,1130521   二讀(逐條討論),1130301,11屆01期03次,20委11000653,202110006530000,https://ppg.ly.gov.tw/ppg/download/agenda1\02\pdf\11\01\03\LCEWA01_110103_00054.pdf
24,立法院職權行使法部分條文修正草案,台灣民眾黨黨團等,台灣民眾黨黨團  黃國昌  黃珊珊,1130521   二讀(逐條討論),1130220,11屆01期01次,20委11000417,202110004170000,https://ppg.ly.gov.tw/ppg/download/agenda1\02\pdf\11\01\01\LCEWA01_110101_00013.pdf
25,立法院職權行使法第十二條條文修正草案,溫玉霞,溫玉霞,1120303   一讀(委員會待審),1120303,10屆07期02次,20委10031052,202103115140000,https://ppg.ly.gov.tw/ppg/download/agenda1\02\pdf\10\07\02\LCEWA01_100702_00052.pdf
26,立法院職權行使法第四十五條條文修正草案,江啟臣,江啟臣,1111209   一讀(委員會待審),1111209,10屆06期11次,23委29499,1111205070203800,https://ppg.ly.gov.tw/ppg/download/agenda1\02\pdf\10\06\11\LCEWA01_100611_00048.pdf
27,立法院職權行使法第十一條條文修正草案,江啟臣,江啟臣,1110429   一讀(委員會待審),1110429,10屆05期10次,23委28501,1110425070202400,https://ppg.ly.gov.tw/ppg/download/agenda1\02\pdf\10\05\10\LCEWA01_100510_00404.pdf
28,立法院職權行使法第十五條之一條文修正草案,呂玉玲等,呂玉玲  楊瓊瓔,1101126   一讀(委員會待審),1101126,10屆04期11次,23委27523,1101118070200700,https://ppg.ly.gov.tw/ppg/download/agenda1\02\pdf\10\04\11\LCEWA01_100411_00031.pdf
29,立法院職權行使法增訂第二十八條之三及第二十八條之四條文草案,呂玉玲,呂玉玲,1101126   一讀(委員會待審),1101126,10屆04期11次,23委27524,1101118070200800,https://ppg.ly.gov.tw/ppg/download/agenda1\02\pdf\10\04\11\LCEWA01_100411_00032.pdf
30,立法院職權行使法第三十四條條文修正草案,江啟臣,江啟臣,1101119   一讀(委員會待審),1101119,10屆04期10次,23委27486,1101111070201700,https://ppg.ly.gov.tw/ppg/download/agenda1\02\pdf\10\04\10\LCEWA01_100410_00031.pdf
31,立法院職權行使法第七條條文修正草案,江啟臣,江啟臣,1101022   一讀(委員會待審),1101022,10屆04期06次,23委27241,1101018070201900,https://ppg.ly.gov.tw/ppg/download/agenda1\02\pdf\10\04\06\LCEWA01_100406_00067.pdf
32,立法院職權行使法第二十五條條文修正草案,江啟臣,江啟臣,1101022   一讀(委員會待審),1101022,10屆04期06次,23委27242,1101018070202000,https://ppg.ly.gov.tw/ppg/download/agenda1\02\pdf\10\04\06\LCEWA01_100406_00068.pdf
33,立法院職權行使法部分條文修正草案,陳明文等,陳明文  莊瑞雄  劉櫂豪  蘇治芬  蘇震清,1101008   一讀(委員會待審),1101008,10屆04期04次,23委27046,1100930070201300,https://ppg.ly.gov.tw/ppg/download/agenda1\02\pdf\10\04\04\LCEWA01_100404_00056.pdf
34,立法院職權行使法部分條文修正草案,陳明文等,陳明文  蘇震清  何志偉  湯蕙禎,1100514   一讀(委員會待審),1100514,10屆03期12次,23委26580,1100503070203000,https://ppg.ly.gov.tw/ppg/download/agenda1\02\pdf\10\03\12\LCEWA01_100312_00017.pdf
35,立法院職權行使法第二十六條條文修正草案,陳以信,陳以信,1091230   一讀(委員會待審),1091230,10屆02期11次,23委25871,1091224070201000,https://ppg.ly.gov.tw/ppg/download/agenda1\02\pdf\10\02\11\LCEWA01_100211_00016.pdf
36,立法院職權行使法部分條文修正草案,葉毓蘭,葉毓蘭,1091230   一讀(委員會待審),1091230,10屆02期11次,23委25876,1091228070200100,https://ppg.ly.gov.tw/ppg/download/agenda1\02\pdf\10\02\11\LCEWA01_100211_00021.pdf
37,立法院職權行使法部分條文修正草案,林俊憲等,林俊憲  賴惠員  高嘉瑜,1091211   一讀(委員會待審),1091211,10屆02期07次,23委25639,1091202070200700,https://ppg.ly.gov.tw/ppg/download/agenda1\02\pdf\10\02\07\LCEWA01_100207_00021.pdf
38,立法院職權行使法第二十九條條文修正草案,吳怡玎,吳怡玎,1091023   一讀(委員會待審),1091023,10屆02期04次,23委25155,1090930070200400,https://ppg.ly.gov.tw/ppg/download/agenda1\02\pdf\10\02\04\LCEWA01_100204_00358.pdf
39,立法院職權行使法第二十二條條文修正草案,李貴敏,李貴敏,1091023   一讀(委員會待審),1091023,10屆02期04次,23委25236,1091007070202300,https://ppg.ly.gov.tw/ppg/download/agenda1\02\pdf\10\02\04\LCEWA01_100204_00369.pdf
40,立法院職權行使法第二十九條條文修正草案,李貴敏,李貴敏,1091023   一讀(委員會待審),1091023,10屆02期04次,23委25237,1091007070202400,https://ppg.ly.gov.tw/ppg/download/agenda1\02\pdf\10\02\04\LCEWA01_100204_00370.pdf
41,立法院職權行使法第二條條文修正草案,王定宇,王定宇,1091006   一讀(委員會待審),1091006,10屆02期03次,23委25031,1090918070202900,https://ppg.ly.gov.tw/ppg/download/agenda1\02\pdf\10\02\03\LCEWA01_100203_00012.pdf
42,立法院職權行使法第二十九條條文修正草案,曾銘宗,曾銘宗,1090918   一讀(委員會待審),1090918,10屆02期01次,23委24964,1090914070200200,https://ppg.ly.gov.tw/ppg/download/agenda1\02\pdf\10\02\01\LCEWA01_100201_00046.pdf
43,立法院職權行使法部分條文修正草案,林為洲,林為洲,1090529   一讀(委員會待審),1090529,10屆01期15次,23委24799,1090518070200100,https://ppg.ly.gov.tw/ppg/download/agenda1\02\pdf\10\01\15\LCEWA01_100115_00010.pdf
44,立法院職權行使法部分條文修正草案,時代力量黨團等,時代力量黨團  邱顯智  陳椒華  王婉諭,1090508   一讀(委員會待審),1090508,10屆01期12次,23委24672,1090504070202200,https://ppg.ly.gov.tw/ppg/download/agenda1\02\pdf\10\01\12\LCEWA01_100112_00075.pdf
45,立法院職權行使法部分條文修正草案,時代力量黨團等,時代力量黨團  邱顯智  陳椒華  王婉諭,1090320   一讀(委員會待審),1090320,10屆01期05次,23委24198,1090316070203500,https://ppg.ly.gov.tw/ppg/download/agenda1\02\pdf\10\01\05\LCEWA01_100105_00066.pdf
46,立法院職權行使法第十五條之二條文修正草案,賴瑞隆等,賴瑞隆  蘇震清,1090313   一讀(委員會待審),1090313,10屆01期04次,23委24078,1090305070200400,https://ppg.ly.gov.tw/ppg/download/agenda1\02\pdf\10\01\04\LCEWA01_100104_00016.pdf
47,立法院職權行使法增訂第八章之一及第五十三條之一條文草案,賴瑞隆等,賴瑞隆  蘇震清,1090313   一讀(委員會待審),1090313,10屆01期04次,23委24079,1090305070200500,https://ppg.ly.gov.tw/ppg/download/agenda1\02\pdf\10\01\04\LCEWA01_100104_00017.pdf
48,立法院職權行使法第七十條條文修正草案,時代力量黨團等,時代力量黨團  黃國昌  徐永明  鄭秀玲,1080927   一讀(委員會待審),1080927,09屆08期03次,23委23515,1080920070200200,https://ppg.ly.gov.tw/ppg/download/agenda1\02\pdf\09\08\03\LCEWA01_090803_00045.pdf
49,立法院職權行使法第十六條條文修正草案,鄭運鵬,鄭運鵬,1080329   一讀(委員會待審),1080329,09屆07期07次,23委23022,1080315070200300,https://ppg.ly.gov.tw/ppg/download/agenda1\02\pdf\09\07\07\LCEWA01_090707_00007.pdf
50,立法院職權行使法增訂第二十八條之一及第二十八條之二條文草案,呂孫綾,呂孫綾,1071106   三讀,1060324,09屆03期06次,23委20352,1060313070200900,https://ppg.ly.gov.tw/ppg/download/agenda1\02\pdf\09\03\06\LCEWA01_090306_00012.pdf
51,立法院職權行使法部分條文修正草案,時代力量黨團等,時代力量黨團  黃國昌  林昶佐  徐永明,1070524   委員會審竣,1051021,09屆02期07次,23委19646,1051012070200100,https://ppg.ly.gov.tw/ppg/download/agenda1\02\pdf\09\02\07\LCEWA01_090207_00009.pdf
52,立法院職權行使法第七十條條文修正草案,王榮璋等,王榮璋  劉世芳  呂孫綾  江永昌  王定宇,1070524   委員會審竣,1050513,09屆01期13次,23委19129,1050509070201800,https://ppg.ly.gov.tw/ppg/download/agenda1\02\pdf\09\01\13\LCEWA01_090113_00051.pdf
53,立法院職權行使法部分條文修正草案,時代力量黨團等,時代力量黨團  高潞．以用．巴魕剌  徐永明  洪慈庸  黃國昌  林昶佐,1071106   二讀(廣泛討論),1050415,09屆01期09次,23委18859,1050406070201400,https://ppg.ly.gov.tw/ppg/download/agenda1\02\pdf\09\01\09\LCEWA01_090109_00041.pdf
54,立法院職權行使法部分條文修正草案,民進黨黨團等,民進黨黨團  柯建銘  吳秉叡  李俊俋  陳亭妃,1070524   委員會審議中,1050415,09屆01期09次,23委18908,1050411070201200,https://ppg.ly.gov.tw/ppg/download/agenda1\02\pdf\09\01\09\LCEWA01_090109_00058.pdf
55,立法院職權行使法部分條文修正草案,顧立雄等,顧立雄  莊瑞雄,1070524   委員會審議中,1050408,09屆01期08次,23委18800,1050330070201000,https://ppg.ly.gov.tw/ppg/download/agenda1\02\pdf\09\01\08\LCEWA01_090108_00042.pdf
56,立法院職權行使法第五十四條及第七十條條文修正草案,張廖萬堅,張廖萬堅,1070524   委員會審竣,1050325,09屆01期06次,23委18674,1050316070200200,https://ppg.ly.gov.tw/ppg/download/agenda1\02\pdf\09\01\06\LCEWA01_090106_00041.pdf
57,立法院職權行使法增訂第八條之一條文草案,陳明文,陳明文,1051111   二讀(已議決),1050325,09屆01期06次,23委18692,1050317070201700,https://ppg.ly.gov.tw/ppg/download/agenda1\02\pdf\09\01\06\LCEWA01_090106_00058.pdf
58,立法院職權行使法第五十五條條文修正草案,段宜康,段宜康,1070524   委員會審竣,1050325,09屆01期06次,23委18705,1050318070200400,https://ppg.ly.gov.tw/ppg/download/agenda1\02\pdf\09\01\06\LCEWA01_090106_00077.pdf
59,立法院職權行使法部分條文修正草案,段宜康,段宜康,1070524   委員會審竣,1050325,09屆01期06次,23委18706,1050318070200500,https://ppg.ly.gov.tw/ppg/download/agenda1\02\pdf\09\01\06\LCEWA01_090106_00078.pdf
60,立法院職權行使法增訂第十三條之一、第十三條之二及第十三條之三條文草案,尤美女等,尤美女  鍾佳濱  周春米,1070524   委員會審竣,1050311,09屆01期04次,23委18470,1050303070201300,https://ppg.ly.gov.tw/ppg/download/agenda1\02\pdf\09\01\04\LCEWA01_090104_00029.pdf
61,立法院職權行使法部分條文修正草案,尤美女等,尤美女  顧立雄,1070524   委員會審議中,1050304,09屆01期03次,23委18353,1050225070201400,https://ppg.ly.gov.tw/ppg/download/agenda1\02\pdf\09\01\03\LCEWA01_090103_00017.pdf
62,立法院職權行使法第七十條條文修正草案,李昆澤,李昆澤,1070524   委員會審竣,1050304,09屆01期03次,23委18361,1050225070260400,https://ppg.ly.gov.tw/ppg/download/agenda1\02\pdf\09\01\03\LCEWA01_090103_00025.pdf
63,立法院職權行使法部分條文修正草案,林俊憲,林俊憲,1070524   委員會審議中,1050304,09屆01期03次,23委18392,1050226070200400,https://ppg.ly.gov.tw/ppg/download/agenda1\02\pdf\09\01\03\LCEWA01_090103_00057.pdf
64,立法院職權行使法部分條文修正草案,李俊俋等,李俊俋  徐國勇  賴瑞隆,1070524   委員會審議中,1050304,09屆01期03次,23委18438,1050301070201800,https://ppg.ly.gov.tw/ppg/download/agenda1\02\pdf\09\01\03\LCEWA01_090103_00103.pdf
65,立法院職權行使法部分條文修正草案,國民黨黨團等,國民黨黨團  林德福,1070524   委員會審議中,1050304,09屆01期03次,23委18443,1050301070201900,https://ppg.ly.gov.tw/ppg/download/agenda1\02\pdf\09\01\03\LCEWA01_090103_00108.pdf
66,立法院職權行使法部分條文修正草案,國民黨黨團等,國民黨黨團  林德福,1070524   委員會審議中,1050304,09屆01期03次,23委18444,1050301070202000,https://ppg.ly.gov.tw/ppg/download/agenda1\02\pdf\09\01\03\LCEWA01_090103_00109.pdf
67,立法院職權行使法第十五條之二及第四十五條條文修正草案,賴瑞隆,賴瑞隆,1070524   委員會審議中,1050226,09屆01期02次,23委18254,1050219070201300,https://ppg.ly.gov.tw/ppg/download/agenda1\02\pdf\09\01\02\LCEWA01_090102_00019.pdf
68,立法院職權行使法部分條文修正草案,蘇巧慧等,蘇巧慧  張宏陸,1070524   委員會審竣,1050226,09屆01期02次,23委18268,1050219070202700,https://ppg.ly.gov.tw/ppg/download/agenda1\02\pdf\09\01\02\LCEWA01_090102_00033.pdf
69,立法院職權行使法第七十條條文修正草案,時代力量黨團等,時代力量黨團  林昶佐  高潞．以用．巴魕剌  徐永明  黃國昌  洪慈庸,1070524   委員會審竣,1050226,09屆01期02次,23委18327,1050223070200300,https://ppg.ly.gov.tw/ppg/download/agenda1\02\pdf\09\01\02\LCEWA01_090102_00092.pdf
70,立法院職權行使法部分條文修正草案,時代力量黨團等,時代力量黨團  高潞．以用．巴魕剌  林昶佐  徐永明  黃國昌  洪慈庸,1070524   委員會審議中,1050226,09屆01期02次,23委18328,1050223070200400,https://ppg.ly.gov.tw/ppg/download/agenda1\02\pdf\09\01\02\LCEWA01_090102_00093.pdf
71,立法院職權行使法第七十條及第七十一條之一條文修正草案,親民黨黨團等,親民黨黨團  李鴻鈞,1070524   委員會審竣,1050219,09屆01期01次,23委18234,1050216070200800,https://ppg.ly.gov.tw/ppg/download/agenda1\02\pdf\09\01\01\LCEWA01_090101_00038.pdf
72,立法院職權行使法部分條文修正草案,親民黨黨團等,親民黨黨團  李鴻鈞,1070524   委員會審議中,1050219,09屆01期01次,23委18235,1050216070200900,https://ppg.ly.gov.tw/ppg/download/agenda1\02\pdf\09\01\01\LCEWA01_090101_00039.pdf
73,立法院職權行使法部分條文修正草案,民進黨黨團等,民進黨黨團  柯建銘  蔡其昌  陳亭妃,1041211   一讀(委員會待審),1041211,08屆08期13次,23委18184,1041207070200100,https://ppg.ly.gov.tw/ppg/download/agenda1\02\pdf\08\08\13\LCEWA01_080813_00021.pdf
74,立法院職權行使法第七十一條之一條文修正草案,盧秀燕等,盧秀燕  張嘉郡  蔡錦隆  羅淑蕾  楊瓊瓔,1041127   一讀(委員會待審),1041127,08屆08期11次,23委18145,1041119070200200,https://ppg.ly.gov.tw/ppg/download/agenda1\02\pdf\08\08\11\LCEWA01_080811_00021.pdf
75,立法院職權行使法第六十八條、第七十條及第七十一條之一條文修正草案,國民黨黨團等,國民黨黨團  林德福,1041120   一讀(委員會待審),1041120,08屆08期10次,23委18102,1041110070200300,https://ppg.ly.gov.tw/ppg/download/agenda1\02\pdf\08\08\10\LCEWA01_080810_00016.pdf
76,立法院職權行使法第七十條條文修正草案,盧秀燕等,盧秀燕  張嘉郡  楊應雄  楊瓊瓔,1041120   一讀(委員會待審),1041120,08屆08期10次,23委18115,1041112070200200,https://ppg.ly.gov.tw/ppg/download/agenda1\02\pdf\08\08\10\LCEWA01_080810_00029.pdf
77,立法院職權行使法第六十八條、第七十條及第七十一條之一條文修正草案,李貴敏等,李貴敏  張嘉郡  陳鎮湘  黃志雄,1041120   一讀(委員會待審),1041120,08屆08期10次,23委18116,1041112070200300,https://ppg.ly.gov.tw/ppg/download/agenda1\02\pdf\08\08\10\LCEWA01_080810_00030.pdf
78,立法院職權行使法部分條文修正草案,國民黨黨團等,國民黨黨團  林德福,1041120   一讀(委員會待審),1041120,08屆08期10次,23委18133,1041116070200400,https://ppg.ly.gov.tw/ppg/download/agenda1\02\pdf\08\08\10\LCEWA01_080810_00037.pdf
79,立法院職權行使法第五十五條條文修正草案,段宜康,段宜康,1040529   一讀(委員會待審),1040529,08屆07期14次,23委17823,1040521070203700,https://ppg.ly.gov.tw/ppg/download/agenda1\02\pdf\08\07\14\LCEWA01_080714_00050.pdf
80,立法院職權行使法第四十九條條文修正草案,李俊俋等,李俊俋  葉宜津,1041211   一讀(委員會待審),1030530,08屆05期12次,23委16541,1030521070200700,https://ppg.ly.gov.tw/ppg/download/agenda1\02\pdf\08\05\12\LCEWA01_080512_00040.pdf
81,立法院職權行使法第七十條條文修正草案,陳其邁等,陳其邁  蘇震清,1041211   一讀(委員會待審),1030530,08屆05期12次,23委16493,1030516070200200,https://ppg.ly.gov.tw/ppg/download/agenda1\02\pdf\08\05\12\LCEWA01_080512_00102.pdf
82,立法院職權行使法增訂第四十九條之一條文草案,陳其邁等,陳其邁  蘇震清,1041211   一讀(委員會待審),1030530,08屆05期12次,23委16494,1030516070200300,https://ppg.ly.gov.tw/ppg/download/agenda1\02\pdf\08\05\12\LCEWA01_080512_00103.pdf
83,立法院職權行使法增訂第十三條之一、第十三條之二及第十三條之三條文草案,尤美女等,尤美女  陳亭妃  吳秉叡  李俊俋  李昆澤  林佳龍  蘇震清  姚文智  蔡其昌  鄭麗君,1041216   退回程序,1030418,08屆05期06次,23委16217,1030403070200300,https://ppg.ly.gov.tw/ppg/download/agenda1\02\pdf\08\05\06\LCEWA01_080506_00099.pdf
84,立法院職權行使法第七十條條文修正草案,陳其邁等,陳其邁  蔡其昌  葉宜津  魏明谷  林佳龍  邱議瑩  蘇震清,1041211   一讀(委員會待審),1030103,08屆04期17次,23委16033,1021226070200700,https://ppg.ly.gov.tw/ppg/download/agenda1\02\pdf\08\04\17\LCEWA01_080417_00045.pdf
85,立法院職權行使法部分條文修正草案,尤美女等,尤美女  吳秉叡  鄭麗君  劉櫂豪  陳歐珀,1041211   一讀(委員會待審),1021025,08屆04期07次,23委15468,,https://lis.ly.gov.tw/lgcgi/lgmeetimage?cfc7cfcbcfcac8cdc5ceccc8d2cecacd
86,立法院職權行使法增訂部分條文草案,李俊俋等,李俊俋  劉建國,1041216   退回程序,1021025,08屆04期07次,23委15469,1021003070201600,https://ppg.ly.gov.tw/ppg/download/agenda1\02\pdf\08\04\05\LCEWA01_080405_00034.pdf
87,立法院職權行使法部分條文修正草案,李桐豪等,李桐豪  林佳龍  陳怡潔  陳亭妃  林國正,1021004   一讀(委員會待審),1021004,08屆04期04次,23委15409,1020926070201800,https://ppg.ly.gov.tw/ppg/download/agenda1\02\pdf\08\04\04\LCEWA01_080404_00029.pdf
88,立法院職權行使法第十五條條文修正草案,親民黨黨團等,親民黨黨團  李桐豪,1020322   一讀(委員會待審),1020322,08屆03期05次,23委14754,1020318070201600,https://ppg.ly.gov.tw/ppg/download/agenda1\02\pdf\08\03\05\LCEWA01_080305_00036.pdf
89,立法院職權行使法第六十條條文修正草案,薛凌,薛凌,1041216   退回程序,1020104,08屆02期16次,23委14595,1011227070200600,https://ppg.ly.gov.tw/ppg/download/agenda1\02\pdf\08\02\16\LCEWA01_080216_00037.pdf
90,立法院職權行使法第三十七條、第四十三條及第四十四條之一條文修正草案,台灣團結聯盟黨團等,台灣團結聯盟黨團  黃文玲,1041211   一讀(委員會待審),1011123,08屆02期10次,23委14327,1011119070200100,https://ppg.ly.gov.tw/ppg/download/agenda1\02\pdf\08\02\10\LCEWA01_080210_00048.pdf
91,立法院職權行使法部分條文修正草案,台灣團結聯盟黨團等,台灣團結聯盟黨團  黃文玲,1041211   一讀(委員會待審),1011012,08屆02期04次,23委14009,1011005070200500,https://ppg.ly.gov.tw/ppg/download/agenda1\02\pdf\08\02\04\LCEWA01_080204_00061.pdf
92,立法院職權行使法部分條文修正草案,李應元等,李應元  許智傑  蘇震清  鄭麗君  林佳龍  黃偉哲  劉櫂豪  陳亭妃,1011005   一讀(委員會待審),1011005,08屆02期03次,23委13925,1010926070200500,https://ppg.ly.gov.tw/ppg/download/agenda1\02\pdf\08\02\03\LCEWA01_080203_00024.pdf
93,立法院職權行使法第二十九條、第三十條及第三十一條條文修正草案,吳秉叡等,吳秉叡  李昆澤  鄭麗君  蔡其昌  管碧玲  黃偉哲  劉櫂豪  葉宜津,1010918   一讀(委員會待審),1010918,08屆02期01次,23委13784,1010601070201100,https://ppg.ly.gov.tw/ppg/download/agenda1\02\pdf\08\02\01\LCEWA01_080201_00051.pdf
94,立法院職權行使法第二十九條及第三十條條文修正草案,李俊俋等,李俊俋  劉櫂豪  吳秉叡  陳亭妃  管碧玲  葉宜津  蔡其昌  姚文智,1010918   一讀(委員會待審),1010918,08屆02期01次,23委13794,1010601070201800,https://ppg.ly.gov.tw/ppg/download/agenda1\02\pdf\08\02\01\LCEWA01_080201_00052.pdf
95,立法院職權行使法部分條文修正草案,林佳龍等,林佳龍  劉櫂豪  陳亭妃  陳歐珀  黃偉哲  管碧玲  劉建國  許智傑,1010918   一讀(委員會待審),1010918,08屆02期01次,23委13813,1010607070200100,https://ppg.ly.gov.tw/ppg/download/agenda1\02\pdf\08\02\01\LCEWA01_080201_00053.pdf
96,立法院職權行使法部分條文修正草案,親民黨黨團等,親民黨黨團  李桐豪,1010918   一讀(委員會待審),1010918,08屆02期01次,23委13826,1010611070200400,https://ppg.ly.gov.tw/ppg/download/agenda1\02\pdf\08\02\01\LCEWA01_080201_00054.pdf
97,立法院職權行使法第七十三條條文修正草案,蘇震清等,蘇震清  陳明文  高志鵬  許智傑  劉櫂豪  陳亭妃  林岱樺  邱志偉  劉建國  陳其邁,1010918   一讀(委員會待審),1010918,08屆02期01次,23委13845,1010903070200300,https://ppg.ly.gov.tw/ppg/download/agenda1\02\pdf\08\02\01\LCEWA01_080201_00101.pdf
98,立法院職權行使法部分條文修正草案,邱議瑩等,邱議瑩  邱志偉  吳秉叡,1041211   退回程序,1010511,08屆01期11次,23委13515,1010503070202700,https://ppg.ly.gov.tw/ppg/download/agenda1\02\pdf\08\01\11\LCEWA01_080111_00053.pdf
99,立法院職權行使法第五十四條條文修正草案,邱志偉等,邱志偉  林佳龍  吳秉叡  李昆澤  陳亭妃,1010427   一讀(委員會待審),1010427,08屆01期09次,23委13340,1010417070200800,https://ppg.ly.gov.tw/ppg/download/agenda1\02\pdf\08\01\09\LCEWA01_080109_00040.pdf
100,立法院職權行使法第七十一條之一條文修正草案,孫大千等,孫大千  林國正,1010427   一讀(委員會待審),1010406,08屆01期06次,23委13166,1010328070200800,https://ppg.ly.gov.tw/ppg/download/agenda1\02\pdf\08\01\06\LCEWA01_080106_00018.pdf
101,立法院職權行使法增訂第八條之一及第八條之二條文草案,陳明文等,陳明文  邱議瑩  高志鵬  蘇震清,1010316   一讀(委員會待審),1010316,08屆01期04次,23委12982,1010307070200700,https://ppg.ly.gov.tw/ppg/download/agenda1\02\pdf\08\01\04\LCEWA01_080104_00014.pdf
102,立法院職權行使法增訂第七十五條之一條文草案,黃淑英等,黃淑英  管碧玲,0981225   一讀(委員會待審),0981225,07屆04期15次,23委9450,0981217070200200,https://lis.ly.gov.tw/lgcgi/lgmeetimage?cfc8cfcbcecacfcbc5ccc7c7d2ccc6cf
103,立法院職權行使法第四十四條條文修正草案,高志鵬等,高志鵬  蘇震清  余天  邱議瑩  陳啟昱,0981023   一讀(委員會待審),0981023,07屆04期06次,23委9235,0981009070200900,https://lis.ly.gov.tw/lylgmeetc/lgmeetkm?001E8D0C000403010000000000010C800100003D000000000^IMG_lgmeetimage_0^cfc8cfcbcfc9c8cdc5cec6d2cdcf
104,立法院職權行使法第七十一條之一條文修正草案,賴士葆等,賴士葆  費鴻泰  羅淑蕾,0981023   一讀(委員會待審),0980515,07屆03期13次,23委9017,0980506070200600,https://lis.ly.gov.tw/lylgmeetc/lgmeetkm?004F6F2900160D010000000000030C800100003D000000000^IMG_lgmeetimage_0^cfc8cfccceccc8cdc5ceccc8d2cecbcf
105,立法院職權行使法第七十一條之一條文修正草案,孫大千,孫大千,0980320   一讀(委員會待審),0980320,07屆03期05次,23委8813,,https://lis.ly.gov.tw/lgcgi/lgmeetimage?cfc8cfcccfcac8cdc5c9ced2c9cd
106,立法院職權行使法第四十二條及第四十四條條文修正草案,呂學樟等,呂學樟  江義雄  劉盛良,0990518   三讀,0980106,07屆02期16次,23委8705,,https://lis.ly.gov.tw/lgcgi/lgmeetimage?cfc8cfcdcec9c8cdc5caced2cacb
107,立法院職權行使法第四十四條條文修正草案,蔣孝嚴等,蔣孝嚴  費鴻泰,0990518   三讀,0971205,07屆02期12次,23委8585,,https://lis.ly.gov.tw/lgcgi/lgmeetimage?cfc8cfcdcecdcfcbc5cdc6ced2cdc6cc
108,立法院職權行使法部分條文修正草案,黃義交等,黃義交  謝國樑  張嘉郡  劉盛良  李乙廷  江義雄,0980108   委員會,0971128,07屆02期11次,23委8559,,https://lis.ly.gov.tw/lgcgi/lgmeetimage?cfc8cfcdcecec8cdc5cdc6d2cbcb
109,立法院職權行使法第六十條條文修正草案,賴士葆,賴士葆,0971128   一讀(委員會待審),0971128,07屆02期11次,23委8566,0971120070200700,https://lis.ly.gov.tw/lylgmeetc/lgmeetkm?004F6F2900100A010000000000020C800100003D000000000^IMG_lgmeetimage_0^cfc8cfcdcecec8cdc5cbcad2cbc7
110,立法院職權行使法部分條文修正草案,朱鳳芝等,朱鳳芝  謝國樑  張碩文,0980108   委員會,0971121,07屆02期10次,23委8545,,https://lis.ly.gov.tw/lgcgi/lgmeetimage?cfc8cfcdcecfc8cdc5cecfcad2cecdcd
111,立法院職權行使法部分條文修正草案,張嘉郡,張嘉郡,0980108   委員會,0970716,07屆01期19次,23委8323,,https://lis.ly.gov.tw/lgcgi/lgmeetimage?cfc8cfcecec6c8cdc5c7ced2c6c9
112,立法院職權行使法增訂第二十六條之一條文草案,呂學樟等,呂學樟  張碩文,0970606   一讀(委員會待審),0970606,07屆01期14次,23委8208,0970602070200300,https://lis.ly.gov.tw/lgcgi/lgmeetimage?cfc8cfcececbc8cdc5ceccccd2ceccc9
113,立法院職權行使法第七十一條條文修正草案,吳育昇等,吳育昇  江義雄,0970523   一讀(委員會待審),0970523,07屆01期12次,23委8153,0970515070200300,https://lis.ly.gov.tw/lgcgi/lgmeetimage?cfc8cfcececdc8cdc5cecdcad2cecdc9
114,立法院職權行使法第三十條及第三十一條條文修正草案,呂學樟等,呂學樟  張嘉郡  潘維剛,1001214   二讀(廣泛討論),0970516,07屆01期11次,23委8123,,https://lis.ly.gov.tw/lgcgi/lgmeetimage?cfc8cfcececec8cdc5cececed2cececb
115,立法院職權行使法第二十五條及第二十六條條文修正草案,張顯耀等,張顯耀  費鴻泰  陳秀卿,0970516   一讀(委員會待審),0970516,07屆01期11次,23委8131,,https://lis.ly.gov.tw/lgcgi/lgmeetimage?cfc8cfcececec8cdc5cececad2cecec7
116,立法院職權行使法第二十六條條文修正草案,黃義交,黃義交,0970602   委員會,0970509,07屆01期10次,23委8096,,https://lis.ly.gov.tw/lgcgi/lgmeetimage?cfc8cfcececfc8cdc5cec8ccd2cec8c9
117,立法院職權行使法第二十九條、第三十條及第三十一條條文修正草案,吳志揚,吳志揚,1001214   二讀(廣泛討論),0970502,07屆01期09次,23委8010,,https://lis.ly.gov.tw/lgcgi/lgmeetimage?cfc8cfcecfc6c8cdc5cad2c7
118,立法院職權行使法部分條文修正草案,民進黨黨團等,民進黨黨團  柯建銘  賴清德  葉宜津,0970612   退回程序,0970425,07屆01期08次,23委7850,0970310070201200,https://lis.ly.gov.tw/lgcgi/lgmeetimage?cfc8cfcecfc7c8cdc5cbc8d2cacf
119,立法院職權行使法第七十條條文修正草案,吳清池,吳清池,0990518   三讀,0970422,07屆01期07次,23委7933,,https://lis.ly.gov.tw/lgcgi/lgmeetimage?cfc8cfcecfc8c8cdc5cec7ccd2cec7cb
120,立法院職權行使法第七十條條文修正草案,賴清德,賴清德,0970422   一讀(委員會待審),0970422,07屆01期07次,23委7955,0970407070200400,https://lis.ly.gov.tw/lgcgi/lgmeetimage?cfc8cfcecfc8c8cdc5cec7cad2cec7c9
121,立法院職權行使法增訂部分條文草案,呂學樟等,呂學樟  江義雄,0970509   三讀,0970422,07屆01期07次,23委7953,0970407070200300,https://lis.ly.gov.tw/lgcgi/lgmeetimage?cfc8cfcecfc8c8cdc5cec7c8d2cec6cf
122,立法院職權行使法第七十一條之一條文修正草案,謝國樑,謝國樑,0970408   一讀(委員會待審),0970408,07屆01期06次,23委7898,0970327070200400,https://lis.ly.gov.tw/lgcgi/lgmeetimage?cfc8cfcecfc9c8cdc5cececcd2cececb
123,立法院職權行使法第七十條及第七十一條之一條文修正草案,丁守中等,丁守中  趙麗雲  吳清池  潘維剛  朱鳳芝  林正二,0970425   三讀,0970307,07屆01期03次,23委7813,0970227070200700,https://lis.ly.gov.tw/lgcgi/lgmeetimage?cfc8cfcecfcccfcdc5cbc9c9d2cbc9c7
124,立法院職權行使法部分條文修正草案,民進黨黨團等,民進黨黨團  柯建銘  國民黨黨團  曾永權  郭素春,0961130   二讀(已議決),0961116,06屆06期11次,23委7727,,https://lis.ly.gov.tw/lgcgi/lgmeetimage?cfc9cfc9cecec8cdc5cecfce
125,立法院職權行使法增訂第十二章之一、第七十四條之一及第七十四條之二條文草案,陳金德,陳金德,0961005   一讀(委員會待審),0961005,06屆06期05次,23委7413,0960404070200300,https://lis.ly.gov.tw/lgcgi/lgmeetimage?cfc9cfc9cfcac8cdc5cbccd2cbcb
126,立法院職權行使法部分條文修正草案,國民黨黨團等,國民黨黨團  蔡錦隆,0960302   一讀(委員會待審),0960118,06屆04期17次,23委7243,0951221070200400,https://lis.ly.gov.tw/lgcgi/lgmeetimage?cfc9cfcbcec8c8cdc5c7cdd2c6ca
127,立法院職權行使法第二條及第四條條文修正草案,蔡同榮,蔡同榮,0951212   退回程序,0951212,06屆04期11次,23委7202,0951130070200400,https://lis.ly.gov.tw/lgcgi/lgmeetimage?cfc9cfcbcecec8cdc5cbc8d2cacf
128,立法院職權行使法刪除第四十二條條文草案,呂學樟等,呂學樟  馮定國  盧秀燕,0951120   委員會,0951020,06屆04期04次,23委7084,0951011070200600,https://lis.ly.gov.tw/lgcgi/lgmeetimage?cfc9cfcbcfcbc8cdc5c7ced2c7cb
129,立法院職權行使法第二十九條至第三十一條條文修正草案,國民黨黨團等,國民黨黨團  蔡錦隆,0951107   復議（另定期處理）,0951020,06屆04期04次,23委7092,0951012070200300,https://lis.ly.gov.tw/lgcgi/lgmeetimage?cfc9cfcbcfcbc8cdc5c7cad2c7c7
130,立法院職權行使法第四十二條條文修正草案,吳志揚等,吳志揚  洪秀柱  雷倩,0950929   逕付二讀,0950929,06屆04期02次,23委7034,0950921070200400,https://lis.ly.gov.tw/lgcgi/lgmeetimage?cfc9cfcbcfcdc8cdc5c9ccd2c9c9
131,立法院職權行使法第三十條及第三十一條條文修正草案,親民黨黨團等,親民黨黨團  呂學樟,0951120   委員會,0950919,06屆04期01次,23委7010,0950609070200200,https://lis.ly.gov.tw/lgcgi/lgmeetimage?cfc9cfcbcfcec8cdc5cec9ccd2cec9c9
132,立法院職權行使法第四十四條之一條文修正草案,親民黨黨團等,親民黨黨團  呂學樟,0950919   一讀(委員會待審),0950919,06屆04期01次,23委7011,0950609070200300,https://lis.ly.gov.tw/lgcgi/lgmeetimage?cfc9cfcbcfcec8cdc5cec9c8d2cec9c7
133,立法院職權行使法第四十二條及第四十四條條文修正草案,李慶華等,李慶華  李慶安,0951120   委員會,0950519,06屆03期14次,23委6969,0950515070201700,https://lis.ly.gov.tw/lgcgi/lgmeetimage?cfc9cfcccecbcfcec5cec8cbd2cec8ca
134,立法院職權行使法第七十條及第七十一條之一條文修正草案,丁守中等,丁守中  朱鳳芝  雷倩  費鴻泰  劉盛良,0951120   委員會,0950505,06屆03期12次,23委6920,0950427070200400,https://lis.ly.gov.tw/lgcgi/lgmeetimage?cfc9cfcccecdcfcec5ceccc8d2ceccc6
135,立法院職權行使法第二十九條、第三十條及第三十一條條文修正草案,高思博等,高思博  吳志揚  黃偉哲,0951120   委員會,0950407,06屆03期08次,23委6850,0950403070200100,https://lis.ly.gov.tw/lgcgi/lgmeetimage?cfc9cfcccfc7cfcec5cec9c8d2cec9c6
136,立法院職權行使法部分條文修正草案,台灣團結聯盟黨團等,台灣團結聯盟黨團  黃適卓,0961221   二讀(廣泛討論),0950331,06屆03期07次,23委6818,0950320070200200,https://lis.ly.gov.tw/lgcgi/lgmeetimage?cfc9cfcccfc8cfcec5cecac6d2cec8ce
137,立法院職權行使法第四十四條條文修正草案,親民黨黨團等,親民黨黨團  呂學樟,0951120   委員會,0950317,06屆03期05次,23委6801,0950309070202000,https://lis.ly.gov.tw/lgcgi/lgmeetimage?cfc9cfcccfcacfcec5cecccfd2ceccce
138,立法院職權行使法第三條條文修正草案,鄭運鵬,鄭運鵬,0961221   二讀(廣泛討論),0941216,06屆02期15次,23委6673,0941208070200500,https://lis.ly.gov.tw/lgcgi/lgmeetimage?cfc9cfcdcecacfcec5c6c9d2c6c7
139,立法院職權行使法第四十四條條文修正草案,黃偉哲等,黃偉哲  陳啟昱  李昆澤  徐國勇,0961221   二讀(廣泛討論),0941028,06屆02期08次,23委6547,0941018070201900,https://lis.ly.gov.tw/lgcgi/lgmeetimage?cfc9cfcdcfc7cfcec5cec6cfd2cec6ce
140,立法院職權行使法第二十九條及第三十條條文修正草案,國民黨黨團等,國民黨黨團  潘維剛,0951120   委員會,0941021,06屆02期07次,23委6526,0941017070200200,https://lis.ly.gov.tw/lgcgi/lgmeetimage?cfc9cfcdcfc8cfcec5cdcbc7d2cdcacd
141,立法院職權行使法增訂第二十六條之一條文草案,呂學樟,呂學樟,0961221   二讀(廣泛討論),0941007,06屆02期05次,23委6448,0940929070201900,https://lis.ly.gov.tw/lgcgi/lgmeetimage?cfc9cfcdcfcacfcec5cdcfced2cdcfcc
142,立法院職權行使法部分條文修正草案,蔡同榮等,蔡同榮  莊和子,0961221   二讀(廣泛討論),0941007,06屆02期05次,23委6154,0940502070200100,https://lis.ly.gov.tw/lgcgi/lgmeetimage?cfc9cfcdcfcacfcec5cdcfcad2cdcece
143,立法院職權行使法第七十一條條文修正草案,鄭運鵬,鄭運鵬,0950113   復議（另定期處理）,0940930,06屆02期04次,23委6402,0940921070200200,https://lis.ly.gov.tw/lgcgi/lgmeetimage?cfc9cfcdcfcbcfcec5c6ccd2c6cb
144,立法院職權行使法部分條文修正草案,親民黨黨團等,親民黨黨團  黃義交,0961221   二讀(廣泛討論),0940930,06屆02期04次,23委6419,,https://lis.ly.gov.tw/lgcgi/lgmeetimage?cfc9cfcdcfcbcfcec5c6cad2c6c9
145,立法院職權行使法部分條文修正草案,國民黨黨團等,國民黨黨團  卓伯源  親民黨黨團  黃義交,0961221   二讀(廣泛討論),0940923,06屆02期03次,23委6395,0940919070201400,https://lis.ly.gov.tw/lgcgi/lgmeetimage?cfc9cfcdcfcccfcec5cdc6ced2cccfca
146,立法院職權行使法第十三條條文修正草案,馮定國等,馮定國  劉憶如,0961221   二讀(廣泛討論),0940513,06屆01期12次,23委6196,0940505070202000,https://lis.ly.gov.tw/lgcgi/lgmeetimage?cfc9cfcececdc8cdc5c8d2cecf
147,立法院職權行使法部分條文修正草案,王幸男,王幸男,0940304   退回程序,0940304,06屆01期02次,23委5805,0940221070200200,https://lis.ly.gov.tw/lgcgi/lgmeetimage?cfc9cfcecfcdc8cdc5cec6ccd2cdcfc7
148,立法院職權行使法部分條文修正草案,國民黨黨團等,國民黨黨團  黃德福,0940120   一讀(委員會待審),0940120,05屆06期16次,23委5781,,https://lis.ly.gov.tw/lgcgi/lgmeetimage?cfcacfc9cec9c8cdc5cdccd2cbce
149,立法院職權行使法增訂第三條之一條文草案,台灣團結聯盟黨團等,台灣團結聯盟黨團  廖本煙,0940114   退回程序,0940114,05屆06期15次,23委5192,,https://lis.ly.gov.tw/lgcgi/lgmeetimage?cfcacfc9cecac8cdc5cbced2cbc9
150,立法院職權行使法增訂部分條文草案,台灣團結聯盟黨團等,台灣團結聯盟黨團  黃宗源,0940114   退回程序,0940114,05屆06期15次,23委5697,,https://lis.ly.gov.tw/lgcgi/lgmeetimage?cfcacfc9cecac8cdc5cbc8d2cacf
151,立法院職權行使法第七十一條之一條文修正草案,國民黨黨團等,國民黨黨團  黃德福,0931228   復議（另定期處理）,0931224,05屆06期12次,23委5749,,https://lis.ly.gov.tw/lgcgi/lgmeetimage?cfcacfc9cecdc8cec5c9c8d2c9c7
152,立法院職權行使法第二十九條、第三十條及第三十一條條文修正草案,國民黨黨團等,國民黨黨團  黃德福,0930917   退回程序,0930917,05屆06期02次,23委5653,,https://lis.ly.gov.tw/lgcgi/lgmeetimage?cfcacfc9cfcdc8cdc5cecfc8d2cececf
153,立法院職權行使法部分條文修正草案,親民黨黨團等,親民黨黨團  謝章捷,0930610   退回程序,0930610,05屆05期21次,23委5637,,https://lis.ly.gov.tw/lgcgi/lgmeetimage?cfcacfcacecbcfcfc5cccbcdd2cccbcb
154,立法院職權行使法第三十二條條文修正草案,國民黨黨團等,國民黨黨團  曾永權  李嘉進  親民黨黨團  周錫瑋,0930611   復議（另定期處理）,0930109,05屆04期19次,23委5393,,https://lis.ly.gov.tw/lgcgi/lgmeetimage?cfcacfcbcec8cfcfc5cdcdcad2cdcdc8
155,立法院職權行使法部分條文修正草案,王拓等,王拓  羅文嘉  趙永清  吳東昇  王昱婷  李鴻鈞  陳朝龍,0921003   一讀(委員會待審),0921003,05屆04期04次,23委4987,,https://lis.ly.gov.tw/lgcgi/lgmeetimage?cfcacfcbcfcbcfcec5cec6ced2cec6c9
156,立法院職權行使法部分條文修正草案,段宜康等,段宜康  龐建國  吳東昇,0921003   一讀(委員會待審),0921003,05屆04期04次,23委5014,,https://lis.ly.gov.tw/lgcgi/lgmeetimage?cfcacfcbcfcbcfcec5cec6c8d2cec6c6
157,立法院職權行使法第三十條及第三十一條條文修正草案,呂學樟,呂學樟,0920509   一讀(委員會待審),0920314,05屆03期03次,23委4769,,https://lis.ly.gov.tw/lgcgi/lgmeetimage?cfcacfcccfcccfcec5cecbc9d2cecbc6
158,立法院職權行使法第七十一條之一條文修正草案,郭正亮,郭正亮,0920103   退回程序,0920103,05屆02期16次,23委4686,,https://lis.ly.gov.tw/lgcgi/lgmeetimage?cfcacfcdcec9cfcec5cec7c7d2cec6ce
159,立法院職權行使法部分條文修正草案,黃德福等,黃德福  秦慧珠,0910604   一讀(委員會待審),0910604,05屆01期20次,23委4269,,https://lis.ly.gov.tw/lgcgi/lgmeetimage?cfcacfcececacfcec5ceccccd2ceccca
160,立法院職權行使法第三條條文修正草案,蔣孝嚴,蔣孝嚴,0910531   一讀(委員會待審),0910531,05屆01期19次,23委4266,,https://lis.ly.gov.tw/lgcgi/lgmeetimage?cfcacfcececbcfccc5cecdc7d2ceccce
161,立法院職權行使法部分條文修正草案,黃德福等,黃德福  盧秀燕,0910517   一讀(委員會待審),0910517,05屆01期15次,23委4196,,https://lis.ly.gov.tw/lgcgi/lgmeetimage?cfcacfcececdcfcdc5cccbc6d2cccace
162,立法院職權行使法部分條文修正草案,沈智慧,沈智慧,0910510   一讀(委員會待審),0910510,05屆01期13次,23委4154,,https://lis.ly.gov.tw/lgcgi/lgmeetimage?cfcacfcecececfcec5cccecbd2cccec6
163,立法院職權行使法增訂第二十六條之一條文草案,呂學樟,呂學樟,0910510   一讀(委員會待審),0910510,05屆01期13次,23委4169,,https://lis.ly.gov.tw/lgcgi/lgmeetimage?cfcacfcecececfcec5cbcdc7d2cbcccf
164,立法院職權行使法部分條文修正草案,沈智慧等,沈智慧  蘇盈貴,0910510   一讀(委員會待審),0910510,05屆01期13次,23委4173,,https://lis.ly.gov.tw/lgcgi/lgmeetimage?cfcacfcecececfcec5cbcbcbd2cbcbc8
165,立法院職權行使法第四十二條條文修正草案,黃義交等,黃義交  秦慧珠  馮定國  沈智慧,0910521   一讀(委員會待審),0910430,05屆01期11次,23委4008,,https://lis.ly.gov.tw/lgcgi/lgmeetimage?cfcacfcecfc6cfccc5cbcfc6d2cbcece
166,立法院職權行使法第二十九條條文修正草案,秦慧珠,秦慧珠,0910423   一讀(委員會待審),0910423,05屆01期10次,23委4020,,https://lis.ly.gov.tw/lgcgi/lgmeetimage?cfcacfcecfc7cfccc5c9d2c7
167,立法院職權行使法部分條文修正草案,黃德福等,黃德福  洪秀柱  吳敦義  何智輝  羅志明  朱鳳芝,0910423   一讀(委員會待審),0910416,05屆01期09次,23委3983,,https://lis.ly.gov.tw/lgcgi/lgmeetimage?cfcacfcecfc8cfccc5cbc8cbd2cbc7cf
168,立法院職權行使法增訂第三條之一條文草案,陳金德等,陳金德  陳建銘,0910226   一讀(委員會待審),0910226,05屆01期02次,23委3784,,https://lis.ly.gov.tw/lgcgi/lgmeetimage?cfcacfcecfcecfcec5ccc7cad2ccc7c8
169,立法院職權行使法部分條文修正草案,民進黨黨團等,民進黨黨團  林豐喜  國民黨黨團  李正宗  親民黨黨團  周錫瑋  新黨黨團  鄭龍水,,0910111,04屆06期13次,23委3779,,https://lis.ly.gov.tw/lgcgi/lgmeetimage?cfcbcfc9cecccfcfc5cdc9cbd2cdc7cf
170,立法院職權行使法部分條文修正草案,林濁水等,林濁水  沈富雄  陳忠信,,0901204,04屆06期08次,23委3752,,https://lis.ly.gov.tw/lgcgi/lgmeetimage?cfcbcfc9cfc7cfcec5cdcdc6d2cdcbcf
171,立法院職權行使法第十三條條文修正草案,民進黨黨團等,民進黨黨團  沈富雄  林豐喜  親民黨黨團  周錫瑋,,0901030,04屆06期06次,23委3746,,https://lis.ly.gov.tw/lgcgi/lgmeetimage?cfcbcfc9cfc8cfccc5cdcfced2cdcfca
172,立法院職權行使法部分條文修正草案,王幸男等,王幸男  陳其邁,,0900920,04屆06期01次,23委3680,,https://lis.ly.gov.tw/lgcgi/lgmeetimage?cfcbcfc9cfcecfcec5caced2c8cc
173,立法院職權行使法部分條文修正草案,超黨派問政聯盟,超黨派問政聯盟,,0900410,04屆05期08次,23委3537,,https://lis.ly.gov.tw/lgcgi/lgmeetimage?cfcbcfcacfcbcfcbc5ccc9cfd2ccc9c8
174,立法院職權行使法部分條文修正草案,劉光華,劉光華,,0900327,04屆05期06次,23委3507,,https://lis.ly.gov.tw/lgcgi/lgmeetimage?cfcbcfcacfcbcfcbc5ccc9c7d2ccc8cc
175,立法院職權行使法增訂第十三條之一及第七十五條之一條文草案,黃義交等,黃義交  劉光華  劉文雄  鍾利德  秦慧珠  李炷烽  盧秀燕  江綺雯  洪秀柱  宋煦光,,0891205,04屆04期20次,23委3341,,https://lis.ly.gov.tw/lgcgi/lgmeetimage?cfcbcfcbcececfcec5cecac8d2cecac6
176,立法院職權行使法增訂第四十四條之一條文草案,國民黨黨團等,國民黨黨團  新黨黨團  親民黨黨團  無黨籍聯盟,,0891107,04屆04期12次,23委3293,,https://lis.ly.gov.tw/lgcgi/lgmeetimage?cfcbcfcbcfc7cfcec5c9c9d2c9c8
177,立法院職權行使法部分條文修正草案,國民黨黨團,國民黨黨團,,0891103,04屆04期11次,23委3275,,https://lis.ly.gov.tw/lgcgi/lgmeetimage?cfcbcfcbcfc8cfcdc5cacacbd2cac9cf
178,立法院職權行使法部分條文修正草案,民進黨黨團,民進黨黨團,,0891103,04屆04期11次,23委3277,,https://lis.ly.gov.tw/lgcgi/lgmeetimage?cfcbcfcbcfc8cfcdc5cac9cdd2cac8ce
179,立法院職權行使法增訂部分條文草案,郭榮振,郭榮振,,0891103,04屆04期11次,23委3278,,https://lis.ly.gov.tw/lgcgi/lgmeetimage?cfcbcfcbcfc8cfccc5cccfc9d2cccfc7
180,立法院職權行使法第二十五條條文修正草案,謝言信,謝言信,,0890929,04屆04期05次,23委3194,,https://lis.ly.gov.tw/lgcgi/lgmeetimage?cfcbcfcbcfcbcfcfc5cbc7d2cacf
181,立法院職權行使法部分條文修正草案,新黨黨團,新黨黨團,,0890623,04屆03期26次,23委3090,,https://lis.ly.gov.tw/lgcgi/lgmeetimage?cfcbcfcccdc9cfcfc5c6cdd2cecfcc
182,立法院職權行使法增訂第三十一條之一條文草案,賴士葆等,賴士葆  郝龍斌  徐少萍,,0890526,04屆03期19次,23委3003,,https://lis.ly.gov.tw/lgcgi/lgmeetimage?cfcbcfcccec6cfcfc5cecbcfd2cecbca
183,立法院職權行使法第七十條條文修正草案,王幸男,王幸男,,0890512,04屆03期15次,23委2963,,https://lis.ly.gov.tw/lgcgi/lgmeetimage?cfcbcfcccecacfcfc5c7cad2c7c7
184,立法院職權行使法部分條文修正草案,卓榮泰等,卓榮泰  陳學聖,,0881231,04屆02期15次,23委2823,,https://lis.ly.gov.tw/lgcgi/lgmeetimage?cfcbcfcdcecccfcfc5cccaccd2cccac9
185,立法院職權行使法部分條文修正草案,林濁水等,林濁水  彭紹瑾,,0881116,04屆02期08次,23委2674,,https://lis.ly.gov.tw/lgcgi/lgmeetimage?cfcbcfcdcfc8cfcfc5ccc7c8d2ccc6ce
186,立法院職權行使法部分條文修正草案,新黨黨團,新黨黨團,,0880615,04屆01期16次,23委2546,,https://lis.ly.gov.tw/lgcgi/lgmeetimage?cfcbcfcecec9cfcac5cdc9ca
187,立法院職權行使法第二十條第四十五條第五十四條條文修正草案,民進黨黨團,民進黨黨團,,0880615,04屆01期16次,23委2547,,https://lis.ly.gov.tw/lgcgi/lgmeetimage?cfcbcfcecec9cfcdc5cbcecb
188,立法院職權行使法部分條文修正草案,國民黨黨團,國民黨黨團,,0880615,04屆01期16次,23委2542,,https://lis.ly.gov.tw/lgcgi/lgmeetimage?cfcbcfcecec9cfcdc5cbcdc8
189,立法院職權行使法第二十條條文修正草案,邱太三,邱太三,,0880413,04屆01期07次,23委2412,,https://lis.ly.gov.tw/lgcgi/lgmeetimage?cfcbcfcecfc8cfcdc5cbcac7d2cbc9cf
190,立法院職權行使法第二十一條條文修正草案,李慶安,李慶安,,0880323,04屆01期04次,23委2383,,https://lis.ly.gov.tw/lgcgi/lgmeetimage?cfcbcfcecfcbcfcec5cdceced2cdcecc
191,立法院職權行使法部分條文修正草案,陳清寶,陳清寶,,0880323,04屆01期04次,23委2391,,https://lis.ly.gov.tw/lgcgi/lgmeetimage?cfcbcfcecfcbcfcec5ccccc6d2cccbcd
192,立法院職權行使法草案,劉光華,劉光華,,0871229,03屆06期12次,23委2338,,https://lis.ly.gov.tw/lgcgi/lgmeetimage?cfcccfc9cecfcfcec5cbc8c9d2cacbca